"ID_Guarida";"tipo";"presencias_totales";"tasa_ocupacion";"delta_t_media";"elevacion_dem";"pendiente_dem";"rugosidad_dem";"tpi_dem";"radiacion_dem";"aspecto_dem";"exposicion_dem";"UTM_Este";"UTM_Norte"
"G1+1";"arte_norte";21;61,8;-19,1;2716;6,16;4;-0,125;0,96;172,4;"Sur";-69,05272;-22,23163
"G1+2";"arte_norte";24;70,6;-16,15;2720;7,65;5;-0,5;0,967;173,9;"Sur";-69,05273;-22,23127
"G2-1";"arte_sur";18;52,9;-16,79;2683;9,66;8;-0,5;0,972;199,7;"Sur";-69,05843;-22,23377
"G2-2";"arte_sur";15;44,1;-20,25;2682;9,99;9;-0,125;0,961;220,6;"Sur";-69,0584;-22,23405
"G2-3";"arte_sur";21;61,8;-17,8;2682;9,99;9;-0,125;0,961;220,6;"Sur";-69,05829;-22,23394
"G2-4";"arte_sur";16;47,1;-15,66;2688;6,8;6;-0,125;0,957;212,8;"Sur";-69,05791;-22,23387
"G3+1";"arte_norte";23;67,6;-17,4;2693;8,27;7;0,625;0,966;203,2;"Sur";-69,05939;-22,23291
"G3+2";"arte_norte";24;70,6;-18,89;2695;8,78;8;0;0,967;204,7;"Sur";-69,05934;-22,2327
"G3+3";"arte_norte";19;55,9;-18,7;2698;8,5;7;0,625;0,963;211,8;"Sur";-69,05934;-22,23242
"G4+1";"arte_norte";29;85,3;-16,38;2647;9,66;8;-0,25;0,853;340,3;"Norte";-69,06641;-22,23473
"G4+2";"arte_norte";23;67,6;-17,02;2644;6,57;6;-0,875;0,879;338,1;"Norte";-69,06654;-22,23456
"G4+3";"arte_norte";24;70,6;-18,5;2642;4,22;4;0,25;0,895;354,4;"Norte";-69,06674;-22,23438
"G4+4";"arte_norte";22;64,7;-20,43;2646;5,34;4;0,875;0,886;0;"Norte";-69,066;-22,23436
"G5-1";"arte_sur";24;70,6;-18,81;2667;10,23;7;-0,25;0,844;2,3;"Norte";-69,06667;-22,23571
"G5-2";"arte_sur";24;70,6;-17,7;2674;12,49;10;-0,75;0,822;354,4;"Norte";-69,06663;-22,23598
"G6-1";"arte_sur";27;79,4;-20,35;2668;10,6;9;-0,25;0,84;0;"Norte";-69,06783;-22,23622
"G6-2";"arte_sur";23;67,6;-17,98;2671;11,45;9;-1;0,833;8,1;"Norte";-69,06775;-22,23644
"G6-3";"arte_sur";28;82,4;-19,55;2679;12,13;10;-0,5;0,833;25,7;"Norte";-69,06776;-22,2367
"G7+1";"arte_norte";23;67,6;-16,15;2650;8,1;7;-0,25;0,869;333,1;"Norte";-69,06879;-22,23534
"G7+2";"arte_norte";28;82,4;-18,68;2648;7,87;7;-0,25;0,884;308,9;"Oeste";-69,06891;-22,23522
"G7+3";"arte_norte";32;94,1;-18,96;2643;7,08;6;-0,125;0,876;336,2;"Norte";-69,06913;-22,23506
"G7+4";"arte_norte";31;91,2;-21,06;2641;7,77;6;0,25;0,869;338,4;"Norte";-69,06914;-22,23478
"G7+5";"arte_norte";26;76,5;-19,92;2635;9,49;8;-1,125;0,863;36,9;"Norte";-69,06941;-22,2346
"G8-1";"arte_sur";20;58,8;-22,5;2689;14,59;12;0,375;0,803;12,7;"Norte";-69,06852;-22,23673
"G9-1";"arte_sur";18;52,9;-19,05;2665;14,33;11;-0,75;0,804;353,6;"Norte";-69,06877;-22,23612
"G9-2";"arte_sur";20;58,8;-19,29;2676;18,86;14;-0,75;0,756;347,9;"Norte";-69,06887;-22,23637
"G10+1";"arte_norte";22;64,7;-16,08;2639;8,41;8;-1,125;0,871;324,4;"Norte";-69,07068;-22,23499
"G10+2";"arte_norte";21;61,8;-15,56;2637;6,8;6;0,625;0,881;327,2;"Norte";-69,07065;-22,23471
"G10+3";"arte_norte";26;76,5;-16,82;2634;8,91;8;0;0,874;313;"Oeste";-69,07058;-22,23437
"G10+4";"arte_norte";27;79,4;-15,05;2634;8,36;8;0,25;0,873;320,6;"Norte";-69,07041;-22,23418
"G10+5";"arte_norte";20;58,8;-17,09;2630;5,88;5;-0,125;0,886;335,3;"Norte";-69,07033;-22,23387
"G11+1";"arte_norte";26;76,5;-21,65;2687;14,89;10;1;0,902;94,3;"Este";-69,07349;-22,23535
"G12-1";"arte_sur";23;67,6;-16,65;2659;14,77;13;-0,75;0,809;332,5;"Norte";-69,08102;-22,23962
"G12-2";"arte_sur";26;76,5;-15,89;2662;15,39;14;-0,125;0,812;323,2;"Norte";-69,08084;-22,23959
"G13+1";"arte_norte";24;70,6;-16,44;2627;2,24;2;0,5;0,915;313;"Oeste";-69,08317;-22,23927
"G14-1";"arte_sur";22;64,7;-16,98;2625;5,15;4;-0,5;0,912;287,3;"Oeste";-69,08368;-22,24132
"G14-2";"arte_sur";26;76,5;-15,68;2632;5,65;5;-0,375;0,909;289,7;"Oeste";-69,08329;-22,24158
"G16+1";"arte_norte";27;79,4;-20,27;2583;11,33;8;-0,125;0,982;180;"Sur";-69,08874;-22,2427
"G15+1";"arte_norte";13;38,2;-13,91;2607;6,32;5;-0,375;0,88;345;"Norte";-69,08686;-22,24074
"G16+2";"arte_norte";26;76,5;-15,24;2587;11,71;8;0,125;0,983;182;"Sur";-69,08881;-22,24243
"G17+1";"arte_norte";26;76,5;-22,55;2571;9,49;9;0,375;0,975;182,5;"Sur";-69,08964;-22,24297
"G17+2";"arte_norte";27;79,4;-20,51;2579;11,85;9;1,25;0,95;235;"Oeste";-69,0895;-22,24268
"G17+3";"arte_norte";28;82,4;-14,57;2571;13,17;11;0;0,987;181,8;"Sur";-69,0894;-22,24292
"G18+1";"arte_norte";16;47,1;-22,85;2551;9,29;8;0,5;0,968;206;"Sur";-69,09088;-22,24372
"G18+2";"arte_norte";20;58,8;-18,04;2560;9,49;9;0,75;0,963;216,9;"Sur";-69,09039;-22,24331
"G19-1";"arte_sur";22;64,7;-18,26;2503;17,45;16;-0,125;0,958;131,2;"Este";-69,09579;-22,24883
"G19-2";"arte_sur";25;73,5;-15,46;2493;10,19;9;-0,5;0,968;148,8;"Sur";-69,09564;-22,24918
"G19-3";"arte_sur";25;73,5;-15,5;2492;10,52;9;-0,75;0,96;136;"Sur";-69,09576;-22,24943
"G20+1";"arte_norte";18;52,9;-17,36;2519;5,6;5;0;0,946;227;"Oeste";-69,09654;-22,24796
"G21+1";"arte_norte";28;82,4;-21,06;2519;8,19;6;0,75;0,934;251;"Oeste";-69,09662;-22,24834
"G21+2";"arte_norte";27;79,4;-16,65;2514;3,86;4;-1,375;0,916;287,3;"Oeste";-69,09689;-22,24808
"G22+1";"arte_norte";27;79,4;-17,69;2513;7,59;7;-0,5;0,963;205,5;"Sur";-69,09676;-22,24875
"G22+2";"arte_norte";19;55,9;-21,19;2516;1,29;2;0;0,928;107,3;"Este";-69,09692;-22,24839
"G22+3";"arte_norte";24;70,6;-18,76;2514;5,41;8;-0,375;0,886;351,3;"Norte";-69,09716;-22,24801
"G22+4";"arte_norte";26;76,5;-15,86;2503;15,57;13;-0,75;0,799;335,7;"Norte";-69,09751;-22,2478
"G22+5";"arte_norte";26;76,5;-18,6;2501;17,97;15;-0,625;0,772;337,9;"Norte";-69,09778;-22,24764
"G23+1";"arte_norte";25;73,5;-17,97;2495;14,96;12;-0,75;0,992;180;"Sur";-69,09737;-22,2494
"G23+2";"arte_norte";24;70,6;-18,41;2496;17,44;13;0,625;0,996;178,7;"Sur";-69,0976;-22,24947
"G23+3";"arte_norte";23;67,6;-17,02;2500;17,36;14;-1,25;0,994;169,4;"Sur";-69,09748;-22,24918
"G23+4";"arte_norte";17;50;-17,24;2502;18,45;14;0,75;0,996;191,1;"Sur";-69,09776;-22,24919
"G23+5";"arte_norte";13;38,2;-15,84;2510;15,85;13;0;0,993;171,3;"Sur";-69,09704;-22,24887
"G23+6";"arte_norte";24;70,6;-20,03;2521;5,2;5;1,25;0,952;151,8;"Sur";-69,09746;-22,24849
"G24-1";"arte_sur";22;64,7;-18,91;2406;5,44;4;-0,625;0,929;257,9;"Oeste";-69,10576;-22,25357
"G24-2";"arte_sur";24;70,6;-15,8;2405;3,28;2;0;0,924;270;"Oeste";-69,10581;-22,25403
"G24-3";"arte_sur";28;82,4;-17,06;2409;5,42;4;0,125;0,937;245;"Oeste";-69,10537;-22,25395
"G24-4";"arte_sur";26;76,5;-19,11;2409;4,16;4;0;0,936;242,6;"Oeste";-69,10515;-22,25429
"G24-5";"arte_sur";27;79,4;-18,76;2411;3,47;3;-0,625;0,944;208,2;"Sur";-69,10476;-22,2542
"G25-1";"arte_sur";29;85,3;-17,96;2404;1,64;1;0,375;0,925;270;"Oeste";-69,10623;-22,25354
"G25-2";"arte_sur";21;61,8;-14,77;2404;2,35;2;0,625;0,917;299,2;"Oeste";-69,10632;-22,25379
"G24-6";"arte_sur";17;50;-16,62;2405;3,28;2;0;0,924;270;"Oeste";-69,10591;-22,25381
"G26-1";"arte_sur";28;82,4;-19,56;2391;5,11;4;-0,25;0,955;193,9;"Sur";-69,10782;-22,25399
"G27+1";"arte_norte";20;58,8;-20,98;2369;6,18;6;-0,75;0,953;216,6;"Sur";-69,11213;-22,25304
"G28-1";"arte_sur";13;38,2;-12,15;2323;2,58;3;0,25;0,92;287,3;"Oeste";-69,11816;-22,25674
"G29-1";"arte_sur";17;50;-13,99;2321;5,04;5;0,125;0,945;227;"Oeste";-69,11851;-22,25708
"G30-1";"arte_sur";16;47,1;-14,82;2657;9,17;9;0,25;0,881;302,5;"Oeste";-69,07061;-22,23655
"G30-2";"arte_sur";23;67,6;-17,25;2658;9,71;9;-0,75;0,877;303,1;"Oeste";-69,07062;-22,23677
"G30-3";"arte_sur";23;67,6;-14,09;2665;11,57;8;0,125;0,922;258,7;"Oeste";-69,07052;-22,2372
"G30-4";"arte_sur";24;70,6;-16,75;2663;7,84;7;-1,125;0,909;278,4;"Oeste";-69,07048;-22,2375
"G30-5";"arte_sur";27;79,4;-17,15;2666;11,73;9;-1,625;0,886;284,9;"Oeste";-69,07032;-22,23778
"ID1";"natural";15;44,1;-14,1;2714;6,49;5;-0,125;0,962;176,4;"Sur";-69,05273;-22,23189
"ID2";"natural";15;44,1;-17,47;2686;7,05;6;0,625;0,964;193,4;"Sur";-69,0586;-22,23361
"ID3";"natural";7;20,6;-13,43;2688;7,59;7;0,5;0,963;205,5;"Sur";-69,05928;-22,23311
"ID4";"natural";26;76,5;-15,33;2655;10,64;9;0,375;0,845;337,6;"Norte";-69,06625;-22,23495
"ID5";"natural";11;32,4;-15,71;2664;9,15;6;-0,125;0,854;5,1;"Norte";-69,06675;-22,23557
"ID6";"natural";11;32,4;-16,64;2661;8,82;7;-0,625;0,857;352;"Norte";-69,06796;-22,23587
"ID7";"natural";26;76,5;-16,04;2652;6,57;5;-0,25;0,879;338,1;"Norte";-69,06837;-22,23532
"ID8";"natural";15;44,1;-14,68;2678;17,47;12;0,25;0,77;3,9;"Norte";-69,06856;-22,23645
"ID11";"natural";12;35,3;-17,71;2675;13,91;11;0,25;0,925;107,3;"Este";-69,07325;-22,23564
"ID12";"natural";7;20,6;-15,9;2653;15,09;12;-0,125;0,803;336,5;"Norte";-69,0812;-22,23943
"ID14";"natural";22;64,7;-16,04;2624;2,09;2;-0,25;0,922;280,6;"Oeste";-69,08389;-22,24103
"ID15";"natural";15;44,1;-18,51;2611;7,77;6;-0,75;0,869;338,4;"Norte";-69,08686;-22,24114
"ID16";"natural";2;5,9;-13,6;2576;10,72;9;0,25;0,979;188,7;"Sur";-69,08884;-22,2429
"ID17";"natural";17;50;-11,98;2566;12,49;9;-1;0,985;174,4;"Sur";-69,08942;-22,24307
"ID18";"natural";14;41,2;-17,17;2549;7,51;6;-0,5;0,908;281,7;"Oeste";-69,09061;-22,24401
"ID21";"natural";8;23,5;-10,77;2520;2,95;2;-0,25;0,907;24,7;"Norte";-69,09627;-22,2482
"ID22";"natural";25;73,5;-17,68;2505;13,46;11;-1,125;0,981;202,9;"Sur";-69,09688;-22,249
"ID23";"natural";23;67,6;-14,52;2505;13,46;11;-1,125;0,981;202,9;"Sur";-69,09697;-22,24914
"ID25";"natural";7;20,6;-16,3;2403;3,28;2;0;0,924;270;"Oeste";-69,10631;-22,25353
"ID26";"natural";9;26,5;-18,2;2393;5,37;5;-0,625;0,954;202,4;"Sur";-69,10763;-22,25382
"ID27";"natural";8;23,5;-14,58;2365;5,88;5;-0,375;0,956;204,7;"Sur";-69,11233;-22,25324
"ID28";"natural";4;11,8;-14,17;2323;4,22;4;-0,25;0,951;185,6;"Sur";-69,11847;-22,25611
"ID29";"natural";2;5,9;-13,41;2322;4,67;4;1,125;0,95;206;"Sur";-69,1189;-22,25629
"ID30";"natural";9;26,5;-5,81;2655;10,25;8;-0,125;0,874;303,7;"Oeste";-69,07068;-22,23638
