ID_Guarida;UTM_Este;UTM_Norte;AGO_S1_Pres;AGO_S2_Pres;AGO_S3_Pres;AGO_S4_Pres;AGO_T_Int;AGO_T_Ext;AGO_DeltaT;SEP_S1_Pres;SEP_S2_Pres;SEP_S3_Pres;SEP_S4_Pres;SEP_T_Int;SEP_T_Ext;SEP_DeltaT;OCT_S1_Pres;OCT_S2_Pres;OCT_S3_Pres;OCT_S4_Pres;OCT_S5_Pres;OCT_T_Int;OCT_T_Ext;OCT_DeltaT;NOV_S1_Pres;NOV_S2_Pres;NOV_S3_Pres;NOV_S4_Pres;NOV_T_Int;NOV_T_Ext;NOV_DeltaT;DIC_S1_Pres;DIC_S2_Pres;DIC_S3_Pres;DIC_S4_Pres;DIC_T_Int;DIC_T_Ext;DIC_DeltaT;ENE_S1_Pres;ENE_2_Pres;ENE_S3_Pres;ENE_S4_Pres;ENE_S5_Pres;ENE_T_Int;ENE_T_Ext;ENE_DeltaT;FEB_S1_Pres;FEB_S2_Pres;FEB_S3_Pres;FEB_S4_Pres;FEB_T_Int;FEB_T_Ext;FEB_DeltaT;MAR_S1_Pres;MAR_S2_Pres;MAR_S3_Pres;MAR_S4_Pres;MAR_T_Int;MAR_T_Ext;MAR_DeltaT
G1+1;-69,05272;-22,23163;0;1;1;0;14,4;31,8;-17,4;1;0;0;0;14,5;36,4;-21,9;1;1;1;1;1;18,8;36,8;-18;0;0;1;1;19,2;38,4;-19,2;1;0;0;1;22,3;43,3;-21,1;1;0;1;1;1;18,8;35;-16,1;0;0;1;1;18,2;37,8;-19,6;1;1;1;0;14,7;34,2;-19,5
G1+2;-69,05273;-22,23127;0;1;1;0;14;26,6;-12,6;1;0;1;1;14,8;27,5;-12,7;0;0;1;1;1;20,3;39,3;-19;0;0;1;1;18,9;36,1;-17,2;1;0;1;1;20,1;41,6;-21,4;1;1;1;1;1;17,3;33,1;-15,8;0;0;1;1;16,2;28,2;-12;1;1;1;1;14,9;33,5;-18,5
G2-1;-69,05843;-22,23377;0;0;0;0;15,5;28,6;-13,1;0;0;0;0;10,4;28;-17,6;1;1;1;0;1;19;43,2;-24,3;0;1;1;1;17,6;30;-12,4;1;1;1;1;21,3;37,8;-16,4;1;0;0;0;1;20,2;39,7;-19,5;0;0;0;1;18,6;33,2;-14,6;1;1;1;1;18,2;34,6;-16,4
G2-2;-69,0584;-22,23405;0;0;0;0;18,7;32,1;-13,4;0;0;0;0;14,6;35,9;-21,3;0;0;1;1;1;19,3;38,8;-19,5;0;1;1;1;18,1;42,1;-24;1;1;1;1;23;45,7;-22,7;0;0;1;0;0;22,8;47,8;-24,9;0;0;0;1;22,3;39,7;-17,4;1;1;1;0;21,3;40,1;-18,8
G2-3;-69,05829;-22,23394;0;0;0;0;NA;NA;NA;0;0;0;0;11,1;30,5;-19,4;1;1;1;1;1;18,7;40,1;-21,4;0;1;1;1;19;37,6;-18,6;1;1;0;1;21,3;39,4;-18,2;1;0;1;1;1;19,3;32,7;-13,4;0;1;0;1;17,5;33,9;-16,4;1;1;1;1;17,7;34,8;-17,2
G2-4;-69,05791;-22,23387;0;0;0;0;NA;NA;NA;0;0;0;0;9,8;23,5;-13,7;0;0;1;0;1;17,2;37,2;-20;1;1;1;1;16,3;32,2;-15,9;1;1;1;1;21;37,3;-16,4;1;0;1;1;1;20,4;33,5;-13;0;0;0;0;18,4;32,8;-14,4;0;1;0;1;18,2;34,3;-16,2
G3+1;-69,05939;-22,23291;0;0;0;0;NA;NA;NA;1;0;1;1;13,9;34,6;-20,7;0;1;1;0;1;18,9;38,2;-19,3;1;1;1;1;20,3;37,6;-17,3;1;0;1;0;20,8;38,4;-17,7;1;1;1;0;0;21;35,3;-14,2;1;1;1;1;19,8;37,4;-17,6;1;1;1;1;19,9;34,9;-15
G3+2;-69,05934;-22,2327;0;0;1;1;11,3;22,2;-10,9;1;0;1;1;14,3;30,9;-16,6;1;1;1;0;1;16,9;39,6;-22,7;1;1;1;1;20;40,7;-20,8;1;1;0;1;21,7;40,8;-19,3;1;0;1;0;1;21,9;41,9;-20;0;1;0;1;20,4;39,6;-19,2;1;1;1;0;17,7;39,3;-21,6
G3+3;-69,05934;-22,23242;0;0;1;1;12,3;23,4;-11,1;1;1;1;1;11,8;29,5;-17,7;0;1;1;0;1;16;38,6;-22,6;0;0;1;1;17,9;38,7;-20,8;1;1;0;1;18,5;37,9;-19,2;1;0;1;0;1;20,2;37,9;-17,7;0;0;0;1;19,2;41,2;-22;1;0;0;0;17,8;36,2;-18,5
G4+1;-69,06641;-22,23473;1;0;0;0;15,1;23,9;-8,8;0;1;1;1;15;34,9;-19,9;0;1;1;1;1;15,3;32,1;-16,8;1;1;1;1;19,2;36,7;-17,5;1;1;1;1;20,4;35,5;-15,1;1;1;1;1;1;21,2;41,3;-20;1;1;1;1;20;38,2;-18,3;1;1;1;1;18,7;33,3;-14,6
G4+2;-69,06654;-22,23456;0;0;1;0;15,2;23,6;-8,4;0;0;1;1;15,2;35,2;-20;0;1;1;1;1;17,2;35,7;-18,5;1;1;1;1;19,9;37,2;-17,3;1;1;0;1;20,4;35,4;-14,9;1;0;0;0;1;21,3;39,4;-18,1;0;1;1;1;21,7;42,8;-21,1;1;1;1;1;21;39;-17,9
G4+3;-69,06674;-22,23438;0;0;1;0;17,6;30,5;-12,9;0;0;1;0;16;33,1;-17,2;0;0;1;1;1;17,9;40,7;-22,8;1;1;1;1;20,7;40,6;-19,9;1;1;0;1;22,1;41,8;-19,8;1;1;0;1;1;22,4;40,3;-18;1;1;1;1;22,7;42,9;-20,2;1;1;1;1;21,4;38,6;-17,2
G4+4;-69,066;-22,23436;0;0;0;0;NA;NA;NA;0;1;0;1;14;43,3;-29,3;0;1;0;1;1;16;38,2;-22,2;1;1;1;1;19;39,4;-20,4;1;1;1;1;20,2;39,2;-19;0;0;1;0;1;19,8;35,2;-15,4;1;1;1;1;22,3;41,8;-19,4;1;1;1;0;18,2;35,5;-17,3
G5-1;-69,06667;-22,23571;1;0;0;0;NA;NA;NA;1;1;0;1;16,8;40,3;-23,5;0;0;0;1;1;17,5;38,1;-20,6;1;1;1;1;19,7;35,5;-15,9;1;1;0;0;21,2;32,9;-11,9;1;1;1;1;1;20,4;37,7;-17,3;1;1;1;0;21,3;41;-19,7;1;1;1;1;20,6;43,3;-22,8
G5-2;-69,06663;-22,23598;1;0;0;0;20,4;37,5;-17,1;1;1;1;0;13,7;34;-20,3;0;0;0;1;1;18,3;35,8;-17,5;1;1;1;1;18,5;38,8;-20,3;1;1;0;1;20,9;33,1;-12,2;1;1;1;1;1;20;39,1;-19,1;1;1;1;0;21,3;38;-16,7;1;0;1;1;20,8;39,1;-18,4
G6-1;-69,06783;-22,23622;1;0;0;1;26,4;36,7;-10,3;1;1;1;0;18,9;47,6;-28,7;1;1;1;1;0;19,9;39,3;-19,4;0;0;1;1;23,4;44;-20,6;1;1;1;1;21;36,2;-15,3;1;1;1;1;1;20,6;43,8;-23,2;1;1;1;0;23,3;48,8;-25,5;1;1;1;1;19,9;39,7;-19,8
G6-2;-69,06775;-22,23644;1;0;0;0;23,7;32,2;-8,5;1;0;1;1;15,1;43,7;-28,6;1;0;0;1;1;17,1;35,3;-18,2;0;0;0;1;19,1;40,3;-21,2;1;1;0;1;20,3;30,9;-10,6;1;1;1;1;0;20,1;39,3;-19,3;1;1;1;1;21,2;43,5;-22,3;1;1;1;1;18,5;33,6;-15,1
G6-3;-69,06776;-22,2367;1;0;0;0;22,9;33,4;-10,5;1;0;1;1;17,2;43,2;-26;1;1;1;1;1;19,7;41,9;-22,2;1;1;0;1;21,6;42,8;-21,2;1;1;0;1;19,5;38,5;-19,1;1;1;1;1;1;21;42,3;-21,4;1;1;1;1;20,9;42,7;-21,8;1;1;1;1;19,2;33,4;-14,2
G7+1;-69,06879;-22,23534;0;0;0;0;NA;NA;NA;0;1;0;0;NA;NA;NA;1;1;1;1;1;19,4;35,2;-15,8;1;1;1;0;21,3;35,9;-14,6;0;0;0;1;21,7;36,4;-14,9;1;1;1;1;1;20,1;36,5;-16,3;1;1;1;1;19;38,2;-19,2;1;1;1;1;17;33,1;-16,1
G7+2;-69,06891;-22,23522;1;0;1;1;17,9;26,3;-8,3;1;0;1;1;17,8;31,8;-14;1;1;1;1;1;17,2;38;-20,8;1;0;1;0;20,2;41,7;-21,6;0;0;1;1;22,2;43,2;-21,1;1;1;1;1;1;20;43,1;-23,1;1;1;1;1;20,3;41,9;-21,5;1;1;1;1;17,5;36,5;-19
G7+3;-69,06913;-22,23506;1;0;1;1;15,5;28;-12,6;1;0;1;1;16,6;38,7;-22,1;1;1;1;1;1;19;38,4;-19,4;1;1;1;1;22,1;43,2;-21,1;1;1;1;1;23,1;44,6;-21,6;1;1;1;1;1;23;42;-19;1;1;1;1;22,1;41,4;-19,2;1;1;1;1;19,5;36,2;-16,7
G7+4;-69,06914;-22,23478;1;0;1;0;18,1;33,6;-15,5;1;0;1;1;17,2;41,7;-24,5;1;1;1;1;1;18,5;40,4;-21,9;1;1;1;1;20,7;43,2;-22,5;1;1;1;1;23,5;45;-21,5;1;1;1;1;1;22,4;46,4;-23,9;1;1;1;1;21,5;41,9;-20,4;1;1;1;1;19;37,3;-18,3
G7+5;-69,06941;-22,2346;0;0;0;0;19,6;26,7;-7,1;1;0;1;1;18;47,8;-29,7;0;1;1;1;1;20,7;40,1;-19,4;1;1;1;1;22,8;47,8;-25;1;1;0;1;23,7;44,1;-20,6;1;1;1;1;1;24,1;43,6;-19,6;1;1;0;1;22,4;44,2;-21,8;1;1;1;1;21;37,3;-16,2
G8-1;-69,06852;-22,23673;0;0;1;0;NA;NA;NA;1;1;0;1;22,3;48,9;-26,6;0;0;1;1;1;22,6;44,8;-22,2;0;0;1;0;24,3;43;-18,8;0;1;0;0;22;42,4;-20,4;1;0;1;1;1;23;49,2;-26,2;1;1;1;0;23;45,5;-22,5;1;1;1;1;21,3;42,1;-20,8
G9-1;-69,06877;-22,23612;0;0;1;0;NA;NA;NA;1;0;1;1;NA;NA;NA;0;1;1;0;0;22,9;44,5;-21,6;0;0;1;0;25,2;44,1;-18,9;0;0;0;0;19,1;33,3;-14,3;0;1;1;1;1;22,5;44,5;-22;1;1;1;0;20,2;39,5;-19,3;1;1;1;1;19,3;37,5;-18,2
G9-2;-69,06887;-22,23637;0;0;1;1;NA;NA;NA;0;1;1;1;19,1;48,2;-29,1;0;1;1;1;1;21,9;39,3;-17,4;0;0;1;1;22,1;42,6;-20,6;0;0;0;0;18,3;31;-12,7;1;1;1;0;0;21;40,7;-19,8;1;0;1;1;19,6;39,4;-19,8;1;1;0;1;19,7;35,3;-15,6
G10+1;-69,07068;-22,23499;0;0;1;0;NA;NA;NA;0;0;0;1;NA;NA;NA;0;0;1;1;1;16;33,2;-17,2;1;1;0;1;17,1;31,9;-14,9;1;1;0;1;22,9;36,2;-13,4;0;1;1;1;1;20,1;36,5;-16,3;1;1;1;1;21,2;41,7;-20,6;1;1;1;0;17,6;31,7;-14,1
G10+2;-69,07065;-22,23471;0;0;0;0;17,9;32,5;-14,6;0;0;0;0;16,4;32;-15,6;0;0;1;1;1;13,9;25,6;-11,7;1;1;1;1;17,8;36,5;-18,7;1;1;1;1;23,4;43,6;-20,3;0;1;1;1;1;21,3;37,7;-16,5;1;1;1;1;22,6;40,4;-17,9;0;1;0;1;16,6;25,8;-9,2
G10+3;-69,07058;-22,23437;0;0;1;0;19,2;31,6;-12,5;0;0;1;1;17,1;35,7;-18,6;0;0;1;1;1;14,6;28,1;-13,5;1;1;1;1;17,1;34,8;-17,7;1;1;1;1;20,8;39,2;-18,4;1;1;1;1;1;18,3;36,7;-18,4;1;1;1;1;21,6;42;-20,4;1;0;1;1;16,1;31,2;-15,1
G10+4;-69,07041;-22,23418;1;0;1;0;18,1;27,4;-9,4;0;1;1;1;17,3;39,2;-22;0;1;1;1;1;15,5;23,2;-7,7;1;1;1;0;18,9;32,4;-13,4;1;1;1;1;21,7;39,4;-17,7;1;0;1;1;1;20,4;38,7;-18,2;1;1;1;1;22,5;39,6;-17,1;1;1;0;1;16,8;31,6;-14,9
G10+5;-69,07033;-22,23387;0;0;1;1;15,3;27,1;-11,8;1;0;0;1;17,3;40,1;-22,8;0;0;1;1;1;16,3;25,2;-8,8;0;0;0;0;18,1;37,2;-19,1;0;1;1;1;22;44,4;-22,3;0;0;1;1;1;20;39,8;-19,8;1;1;1;1;22,1;39,4;-17,4;1;1;0;1;15,5;30,1;-14,7
G11+1;-69,07349;-22,23535;0;0;0;1;15,5;18,6;-3,1;0;0;1;1;15,4;50,2;-34,9;0;0;1;1;1;18,5;45,6;-27,1;1;1;1;0;22,2;43,3;-21,1;1;1;1;1;20,9;41,3;-20,5;1;1;1;1;1;19,9;41,8;-21,9;1;1;1;1;22,3;43,8;-21,6;1;1;1;1;16,9;39,8;-23
G12-1;-69,08102;-22,23962;1;0;1;1;18,2;30,5;-12,3;0;1;1;0;20;38,6;-18,6;1;1;1;0;0;14,7;32,4;-17,7;0;1;1;1;19,5;34,9;-15,4;0;1;0;1;18,9;38,7;-19,7;1;1;1;0;1;18,3;28,2;-9,9;0;1;1;1;21,5;43,5;-22;1;1;1;0;14,5;32,1;-17,6
G12-2;-69,08084;-22,23959;1;0;1;1;17,3;25,8;-8,5;0;1;1;1;17,6;40,3;-22,7;1;1;1;1;0;16,6;35,6;-19;0;1;1;1;20,6;35,3;-14,7;0;1;1;1;19,8;36,1;-16,2;1;1;1;0;1;18,2;26,8;-8,6;0;1;1;1;21,5;43,3;-21,8;1;1;1;0;14,5;30,1;-15,6
G13+1;-69,08317;-22,23927;1;0;0;0;25,1;34,7;-9,6;1;0;1;1;17,6;37,9;-20,3;1;1;1;1;1;15;37,9;-22,9;0;0;1;0;22,5;42,7;-20,3;0;1;1;1;19,5;35,1;-15,6;1;1;1;1;1;19,1;30,7;-11,6;1;1;1;1;23,1;40;-16,9;0;1;1;0;15,5;29,8;-14,3
G14-1;-69,08368;-22,24132;1;0;0;1;16,5;25,8;-9,3;1;0;1;1;16,4;36,5;-20,2;1;1;1;1;0;16,9;40,4;-23,5;0;0;0;0;20,8;41,9;-21,1;0;0;0;1;18,7;35;-16,2;1;1;1;1;1;17,4;27,6;-10,2;1;1;1;1;21,8;44,2;-22,4;1;1;1;0;17,1;30;-12,9
G14-2;-69,08329;-22,24158;1;0;0;0;18,3;34,6;-16,4;0;0;0;1;16,4;36,4;-20;1;1;1;1;1;16,4;32,6;-16,2;1;1;1;1;20,3;40,1;-19,8;1;1;1;1;19,6;31;-11,4;1;1;0;1;1;19,4;28,9;-9,5;1;1;1;1;21,6;38,9;-17,3;1;1;1;0;16,6;31,4;-14,8
G16+1;-69,08874;-22,2427;1;0;0;0;17,3;37,5;-20,2;1;0;1;1;17,2;42,5;-25,3;1;1;0;1;1;18;42,5;-24,5;1;1;1;1;20,7;42,5;-21,9;1;1;1;1;19,5;37,2;-17,7;0;1;1;1;1;19,6;31,2;-11,6;1;1;1;1;21,5;43,1;-21,6;1;1;0;1;17,2;36,6;-19,4
G15+1;-69,08686;-22,24074;0;1;1;1;NA;NA;NA;1;0;0;1;13,9;29,6;-15,7;1;0;1;0;0;17,1;34,7;-17,7;0;0;1;1;22,7;42,3;-19,6;0;0;0;1;18,8;32,4;-13,5;0;1;1;0;0;21,1;34,2;-13,1;1;0;0;0;18,6;25;-6,5;0;0;0;0;18;29,3;-11,3
G16+2;-69,08881;-22,24243;0;0;0;1;8;15;-7;1;1;1;0;16,5;36,1;-19,7;1;1;1;0;1;19,3;34,4;-15;1;1;1;0;24,2;43,4;-19,2;1;1;1;1;21,4;35;-13,7;1;1;1;1;0;21,5;39,9;-18,4;1;1;1;1;19,9;32;-12,1;0;1;1;1;18,3;35,1;-16,8
G17+1;-69,08964;-22,24297;0;1;1;1;20;40,8;-20,9;1;1;1;0;19,1;37;-17,9;1;1;1;0;1;20,8;44,3;-23,4;1;1;1;0;23,3;46;-22,8;0;0;0;1;22,7;41,2;-18,6;1;1;1;1;1;23,7;47,4;-23,7;1;1;1;1;22,9;46,4;-23,6;0;1;1;1;21,3;50,8;-29,5
G17+2;-69,0895;-22,24268;0;1;1;1;20,9;39,8;-18,9;1;1;0;1;18,8;41,1;-22,3;1;1;1;0;0;22,5;42,7;-20,2;1;1;1;0;24,7;42,1;-17,3;1;1;0;1;22,1;40,4;-18,3;1;1;1;1;1;22,3;44,3;-22;1;1;1;1;23,2;42;-18,7;0;1;1;1;22,9;49,2;-26,4
G17+3;-69,0894;-22,24292;0;1;1;1;17,6;30,3;-12,7;1;1;1;1;17,3;29,5;-12,2;1;1;1;0;0;18;37,8;-19,8;1;1;1;0;22,5;42,1;-19,6;1;1;1;1;19,9;33,8;-13,9;1;1;1;1;1;19,9;37,3;-17,4;1;0;1;1;17,9;25,1;-7,2;0;1;1;1;16,2;30;-13,8
G18+1;-69,09088;-22,24372;1;1;1;1;23,4;40,3;-16,9;1;1;0;1;22,1;45,1;-23;1;1;1;0;0;23,3;49,7;-26,4;0;0;1;0;26,3;47,9;-21,7;0;0;0;0;25;44,4;-19,3;1;0;0;1;0;26,3;47,2;-20,9;0;1;1;0;24,9;50,5;-25,6;0;0;1;0;22,5;51,5;-29
G18+2;-69,09039;-22,24331;1;1;1;1;17,9;38,2;-20,3;1;1;0;1;19,3;40,9;-21,6;0;1;1;0;0;20,5;40,9;-20,4;0;1;1;0;24,5;45,3;-20,8;1;1;1;1;21,3;34,7;-13,4;0;0;1;1;0;20,8;35,7;-14,8;0;0;1;0;20,7;34,4;-13,7;0;1;1;0;20,4;39,7;-19,3
G19-1;-69,09579;-22,24883;0;1;1;1;20,3;38;-17,7;1;1;1;0;20,7;38,3;-17,6;1;0;1;0;0;21,4;39;-17,6;0;1;0;1;22,9;44;-21,1;0;1;1;1;23;37,4;-14,3;1;0;1;1;1;23,4;42,1;-18,7;1;1;0;0;21,6;42;-20,4;0;1;1;1;19,2;37,9;-18,7
G19-2;-69,09564;-22,24918;0;1;1;0;15,8;25,2;-9,4;1;1;1;1;19;35,7;-16,7;1;1;1;0;0;20,1;34,2;-14,1;0;1;0;1;20;37,2;-17,2;0;1;1;1;22,1;38,1;-16;1;0;1;1;1;22,2;42,5;-20,4;1;1;1;1;19,9;35,4;-15,5;0;1;1;1;18;32,4;-14,4
G19-3;-69,09576;-22,24943;0;1;1;1;16,2;21,3;-5,1;1;1;1;1;18,5;35,3;-16,8;1;1;1;0;0;20,4;33,2;-12,8;0;1;0;1;19,7;36,8;-17,1;1;1;1;1;21,6;35,6;-14;1;0;1;0;1;21,6;42;-20,4;1;1;1;0;20,9;39,7;-18,8;0;1;1;1;18,9;37,9;-19
G20+1;-69,09654;-22,24796;0;0;1;1;19,5;38,6;-19,1;1;1;1;0;15,7;39,4;-23,7;0;1;1;0;0;20,1;40,6;-20,5;0;1;0;0;19,7;37,1;-17,3;1;1;1;1;20,6;34,9;-14,3;1;1;1;0;1;21,5;36,4;-15;0;1;0;0;20;38;-18;0;1;0;0;16,9;27,9;-11
G21+1;-69,09662;-22,24834;0;1;1;1;21,8;48,9;-27,1;1;0;1;1;19,1;48,5;-29,4;1;1;1;0;1;21,7;43;-21,2;1;1;0;1;23,7;39,9;-16,2;1;1;1;1;23,1;41,6;-18,5;1;1;1;1;1;22,8;40,9;-18,2;0;1;1;1;22,5;42;-19,6;0;1;1;1;20,2;38,5;-18,3
G21+2;-69,09689;-22,24808;0;1;0;1;21;34,3;-13,3;1;1;1;0;19;39,3;-20,3;1;1;1;1;1;20,7;41,4;-20,7;1;1;1;1;20,8;33,7;-12,9;1;1;1;1;19,2;30,7;-11,6;1;1;1;1;0;19,9;38,8;-19;0;1;1;1;19,1;39,1;-20;0;1;0;1;17,1;32,5;-15,4
G22+1;-69,09676;-22,24875;0;0;1;1;NA;NA;NA;1;0;1;1;17,3;34,7;-17,4;1;1;1;0;1;19,7;39,5;-19,8;1;1;1;1;21,8;39,5;-17,7;1;1;1;1;23,3;38,6;-15,4;1;1;1;1;1;22;40;-18;0;1;1;0;21,5;41;-19,4;0;1;1;1;19,5;35,6;-16,1
G22+2;-69,09692;-22,24839;0;0;0;1;17,1;35;-17,9;1;0;0;1;20,4;50,6;-30,2;1;1;1;1;1;22,9;44,5;-21,6;0;1;0;0;23,4;42,3;-18,9;1;0;1;1;24,3;42;-17,6;1;0;1;0;1;23;44,8;-21,8;0;1;1;0;23,1;42,7;-19,5;0;1;0;1;20,8;42,7;-22
G22+3;-69,09716;-22,24801;0;1;0;1;18,9;34,7;-15,9;1;1;1;1;17,6;39,7;-22,1;1;1;1;0;0;20,1;40,2;-20,1;0;0;1;1;21,4;38,9;-17,4;1;1;1;1;20,8;38;-17,2;1;1;1;1;1;22,1;43,6;-21,4;0;1;1;0;20,5;42,3;-21,8;0;1;0;1;18,1;32,4;-14,2
G22+4;-69,09751;-22,2478;0;1;1;1;21;32,9;-12;1;1;1;1;15,8;36,7;-20,9;1;0;1;0;0;21,4;41,5;-20,1;0;1;1;1;21,3;35,3;-14;1;1;1;1;20,3;35,1;-14,8;1;1;1;1;1;22,1;39;-17;0;1;1;1;21,4;38,4;-17;0;1;0;1;16,7;27,8;-11,1
G22+5;-69,09778;-22,24764;0;1;1;1;22,4;38,4;-16;1;1;0;1;18,7;40,8;-22,1;1;1;1;0;1;21,7;47;-25,3;1;1;0;1;22,7;39,7;-17;1;1;1;1;21,3;37,4;-16,2;1;1;1;1;1;22;40,5;-18,5;0;1;0;1;19,9;38,9;-19;0;1;0;1;16,7;31,4;-14,7
G23+1;-69,09737;-22,2494;0;0;0;0;NA;NA;NA;1;0;1;1;NA;NA;NA;1;1;1;0;1;20,7;40,8;-20,1;1;1;1;1;22,1;39,6;-17,5;0;1;1;1;23,5;41,9;-18,4;1;1;1;1;1;22,1;36,8;-14,7;1;0;1;1;22,6;41,7;-19,2;0;1;1;1;18,7;36,6;-17,9
G23+2;-69,0976;-22,24947;0;0;1;1;20,3;38,8;-18,5;1;0;1;1;21,2;38,8;-17,6;1;1;1;1;0;22,3;43,8;-21,5;1;1;1;1;24,4;41,5;-17,1;0;0;1;1;23,9;38;-14;0;0;1;1;1;23,4;42,5;-19;1;1;1;1;24,6;44,6;-20;0;1;0;1;21,9;41,5;-19,6
G23+3;-69,09748;-22,24918;0;0;1;1;20,2;29,9;-9,7;0;1;1;0;19,5;34,8;-15,3;0;0;0;0;1;22,1;39,1;-17;1;1;1;0;22,3;38,4;-16,1;0;1;1;1;22,2;38,8;-16,6;1;1;1;1;1;21,4;41,5;-20,1;1;1;1;1;23,5;41;-17,5;0;1;1;1;19,1;42,9;-23,9
G23+4;-69,09776;-22,24919;0;0;1;1;20,9;28,9;-8;1;0;1;1;20,9;43,5;-22,6;0;1;1;1;1;21,3;38,3;-17;1;0;0;0;24,5;43,1;-18,5;0;0;0;1;24,3;39,9;-15,8;0;0;0;0;0;23,7;43;-19,3;0;1;1;1;25,2;42,5;-17,4;0;1;1;1;20,9;40,2;-19,3
G23+5;-69,09704;-22,24887;0;0;0;0;16,1;20,1;-4;1;0;1;1;16;38,8;-22,8;1;1;1;0;0;19,4;40,1;-20,8;0;1;0;0;21,6;39,3;-17,7;0;0;1;1;21,9;39,3;-17,3;0;1;1;1;0;22,4;33,3;-11;0;0;1;0;21,4;37,1;-15,7;0;0;0;0;17,3;34,7;-17,4
G23+6;-69,09746;-22,24849;0;0;0;0;NA;NA;NA;0;0;0;1;21,4;49,1;-27,7;1;1;1;1;1;21,6;44,1;-22,5;1;1;1;1;22,9;41,2;-18,3;1;1;1;1;24,6;40,6;-15,9;1;1;1;1;1;24,1;43,5;-19,4;0;1;1;1;23,6;43;-19,4;0;1;0;1;21,8;38,8;-17
G24-1;-69,10576;-22,25357;0;0;0;0;NA;NA;NA;0;1;0;1;19,6;48,3;-28,7;0;0;1;1;1;21,9;44,2;-22,3;1;1;1;1;21,8;37,3;-15,4;1;1;1;0;23,7;37,9;-14,2;1;0;1;1;1;20,8;42;-21,2;1;1;1;1;22,9;39,1;-16,2;0;1;1;0;21,1;35,6;-14,4
G24-2;-69,10581;-22,25403;0;0;0;0;16,6;25,3;-8,7;1;1;1;1;16,4;38,2;-21,7;0;1;1;0;1;20,1;37,2;-17,1;1;1;1;1;22,2;38,3;-16,1;1;1;1;1;22,5;39,8;-17,2;0;1;1;1;1;21;39,5;-18,5;1;1;0;0;23,1;37,1;-14;0;1;1;1;18,7;31,9;-13,1
G24-3;-69,10537;-22,25395;0;0;0;1;15,6;30,5;-14,9;1;1;0;1;19;33,9;-14,9;0;1;1;1;1;20,8;38,6;-17,8;1;1;1;1;21,9;36,3;-14,4;1;1;1;1;24,2;42,3;-18,1;1;1;1;1;1;22,3;44;-21,8;1;1;1;1;24,3;42,4;-18,2;0;1;1;1;18,8;35,2;-16,4
G24-4;-69,10515;-22,25429;0;0;0;1;17,6;34,1;-16,5;1;1;1;1;17,3;37,4;-20,1;0;0;1;1;1;19,7;38,7;-19;1;1;1;1;21,1;39,3;-18,2;1;1;1;0;24;40,1;-16,1;0;1;1;1;1;22,7;46;-23,2;1;1;1;1;23,6;43,3;-19,7;1;1;1;0;20,2;40,3;-20,1
G24-5;-69,10476;-22,2542;0;0;0;1;19,7;33,1;-13,4;1;0;1;1;18,9;42,9;-24;0;0;1;1;1;21,1;40,4;-19,3;1;1;1;1;22,6;42,3;-19,7;1;1;1;1;25;44,6;-19,6;1;1;1;1;1;22,1;43,1;-21,1;1;1;1;1;24,4;41,2;-16,8;1;1;1;0;19,9;36,1;-16,2
G25-1;-69,10623;-22,25354;0;0;0;1;16,6;29,2;-12,6;1;1;1;0;16,8;43,5;-26,7;0;1;1;1;1;19,8;40,3;-20,5;1;1;1;1;21,7;38,1;-16,4;1;1;1;1;23,2;38,2;-15;1;1;1;1;1;22,2;43,4;-21,1;1;1;1;1;24,1;39,2;-15,1;1;1;1;1;20,1;36,4;-16,3
G25-2;-69,10632;-22,25379;0;1;1;0;NA;NA;NA;0;1;0;1;NA;NA;NA;0;1;1;1;1;19,3;34,6;-15,3;0;0;1;1;20;36,3;-16,3;1;1;1;1;23,3;37;-13,7;1;0;0;1;1;23;42,3;-19,3;1;1;1;1;22,9;34,9;-12;0;0;0;0;19,4;31,4;-12
G24-6;-69,10591;-22,25381;0;1;0;0;18,9;27,4;-8,5;1;1;1;0;18,9;40,6;-21,7;0;1;1;0;0;21,2;38;-16,9;0;0;0;1;23,1;38,3;-15,1;1;1;1;1;23,7;37,7;-14,1;1;0;0;1;1;21,6;45,4;-23,8;1;1;1;0;23;38,7;-15,7;0;0;0;0;20,3;37,5;-17,2
G26-1;-69,10782;-22,25399;0;0;1;1;14,2;28,7;-14,5;1;1;1;1;17,5;38,3;-20,8;0;1;1;1;0;22,9;37,4;-14,5;1;1;1;1;25;41,7;-16,7;1;1;1;1;24,9;48,4;-23,6;1;1;1;1;1;24,1;49,4;-25,2;1;1;0;1;25,3;47,8;-22,5;1;0;1;1;22,4;41;-18,7
G27+1;-69,11213;-22,25304;1;0;0;1;17,1;33,4;-16,4;0;1;0;1;17,8;39,3;-21,5;0;1;1;1;1;20,5;41,5;-21;0;1;1;1;21,1;40,4;-19,2;0;0;1;0;25,8;49,9;-24,1;1;0;1;1;0;22,9;45;-22,1;0;1;1;1;22,8;42,2;-19,4;1;0;0;1;20,1;44,2;-24,1
G28-1;-69,11816;-22,25674;0;0;0;0;19,8;28;-8,2;0;1;1;1;21,1;29,1;-8,1;0;1;1;1;0;17,8;35,1;-17,2;0;0;0;0;23,4;39,2;-15,8;1;1;0;1;21,6;30,5;-8,8;0;0;0;1;0;21,8;36,4;-14,7;1;1;0;0;19,2;31,7;-12,4;0;1;0;0;20;32;-12
G29-1;-69,11851;-22,25708;0;0;1;0;19,4;29,5;-10,1;0;1;1;1;20,8;30,6;-9,8;0;1;1;1;0;17,9;36,7;-18,7;0;1;0;0;23,9;42,4;-18,5;1;1;1;1;21,4;32,9;-11,5;0;0;0;1;0;22,7;38,4;-15,7;1;1;0;0;20,5;33,5;-13,1;1;1;0;0;20,9;35,4;-14,5
G30-1;-69,07061;-22,23655;0;0;1;0;NA;NA;NA;1;0;0;0;NA;NA;NA;0;0;0;0;0;17,6;36,1;-18,5;0;1;1;1;17,2;32,2;-15;1;1;1;0;18,9;30,4;-11,6;1;0;1;1;0;18,6;33,5;-14,9;0;1;1;0;20,4;33,8;-13,4;1;1;1;0;18,1;33,6;-15,5
G30-2;-69,07062;-22,23677;1;0;1;1;13,8;27,1;-13,4;1;0;0;1;17,8;34;-16,2;0;0;1;1;1;17,5;40;-22,5;1;1;0;1;19,2;36,4;-17,2;1;1;1;0;19,5;36,8;-17,2;1;0;1;1;0;21,3;39,5;-18,2;1;1;1;1;20,3;36,3;-16;0;1;1;0;18,7;36;-17,3
G30-3;-69,07052;-22,2372;1;0;1;1;14,3;27;-12,7;1;0;0;0;15,5;25,8;-10,3;0;0;1;1;1;18,6;40,2;-21,5;1;1;1;1;17,8;28,8;-11;1;1;1;0;17,4;30,8;-13,3;1;0;1;1;0;20,1;34,9;-14,8;1;1;1;1;21,2;34,3;-13,1;1;0;1;0;17,4;33,5;-16
G30-4;-69,07048;-22,2375;1;0;1;1;16;30,1;-14,1;1;1;0;1;16,5;37,9;-21,4;0;0;1;1;0;20,2;43,3;-23;1;1;1;1;18,1;31,7;-13,7;1;1;0;0;19,4;32,4;-13;1;1;1;1;0;20,4;36,2;-15,8;1;1;1;0;20,8;36,9;-16,1;1;1;1;0;18,8;35,7;-16,9
G30-5;-69,07032;-22,23778;1;0;1;1;14,6;30,9;-16,3;1;1;0;1;15,2;40,9;-25,6;1;1;1;1;0;18,4;39,2;-20,8;1;1;1;1;17,8;32,9;-15;0;1;0;1;19,5;31,4;-11,9;1;1;1;1;0;19;30,3;-11,2;1;1;1;1;20,3;38,1;-17,7;1;1;1;0;17,4;36;-18,7
ID1;-69,05273;-22,23189;0;1;1;0;NA;NA;NA;0;1;0;0;NA;NA;NA;0;1;1;0;0;17,3;36,7;-19,4;0;0;0;0;16,6;33,3;-14;0;0;0;1;18,5;33,1;-14,7;1;0;1;1;0;17,6;23;-7,38;0;0;1;1;17,8;27;-9,2;1;1;1;1;16,3;36,2;-19,9
ID2;-69,0586;-22,23361;0;0;0;0;NA;NA;NA;0;0;0;0;NA;NA;NA;0;0;0;1;1;19,9;37,8;-17,9;0;1;1;1;22,5;40,2;-14,8;1;0;1;0;24,6;44,5;-20;0;0;1;1;1;31,6;43,3;-15,6;0;1;0;1;23,4;43,4;-20,1;1;1;1;0;28,1;44,5;-16,4
ID3;-69,05928;-22,23311;0;0;0;0;NA;NA;NA;0;0;0;0;NA;NA;NA;0;0;0;0;0;15,2;33;-17,8;1;1;1;1;20,9;33,5;-10,6;0;0;1;0;18,3;33,2;-15;0;0;0;0;0;22,8;32,2;-11,3;0;0;0;1;21,6;33,5;-12;0;0;1;0;19,7;33,6;-13,9
ID4;-69,06625;-22,23495;1;0;1;0;18,7;33,4;-14,7;1;0;1;0;NA;NA;NA;0;1;1;1;1;19,8;33,2;-13,4;1;1;1;1;22,1;40,3;-15,1;1;0;1;0;24,1;36,6;-12,5;0;1;1;1;1;31,4;41,1;-13,8;1;1;1;1;25,7;42,4;-16,7;1;1;1;1;24,6;45,7;-21,1
ID5;-69,06675;-22,23557;1;0;1;0;25,5;36,4;-10,9;1;0;0;1;NA;NA;NA;0;0;0;0;0;21,2;42,2;-21;0;0;0;1;22,4;38,7;-13,6;0;0;0;0;22,3;35,7;-13,3;1;1;1;1;0;26,3;41,2;-17,7;0;0;1;0;25,6;42,1;-16,6;0;0;0;1;25,2;42,1;-16,9
ID6;-69,06796;-22,23587;0;0;0;0;21,2;27,4;-6,2;0;0;0;0;NA;NA;NA;0;0;0;0;0;14,4;36,9;-22,5;0;0;1;1;19,9;38,6;-15,6;0;1;1;0;21,5;37,4;-15,9;1;0;1;0;1;29,9;43,4;-17,7;0;1;0;0;22,6;43,9;-21,3;0;1;1;1;21,2;38,4;-17,3
ID7;-69,06837;-22,23532;1;0;1;0;16,7;31,2;-14,5;0;0;0;1;NA;NA;NA;1;1;1;0;0;16,7;37;-20,3;1;1;1;1;20,8;35;-11,8;0;1;1;1;22,7;40,4;-17,7;1;1;1;1;1;20,7;35;-16,1;1;1;1;1;19,4;35,2;-15,9;1;1;1;1;18,2;34,2;-16
ID8;-69,06856;-22,23645;0;0;1;0;NA;NA;NA;1;0;0;0;NA;NA;NA;0;0;0;0;0;21,2;33,1;-11,9;0;0;1;0;20,8;35,4;-12,2;1;0;0;1;18,6;29,6;-11,1;1;1;1;1;1;25,3;34,9;-12,9;0;1;1;0;20,5;37,1;-16,6;0;1;1;1;20,4;43,8;-23,4
ID9;-69,06881;-22,23583;0;0;0;0;NA;NA;NA;0;0;0;0;NA;NA;NA;0;0;0;0;0;NA;NA;NA;0;0;0;0;NA;NA;NA;0;0;0;0;NA;NA;NA;0;0;0;0;0;NA;NA;NA;0;0;1;1;NA;NA;NA;0;1;0;0;NA;NA;NA
ID11;-69,07325;-22,23564;1;0;0;0;24,6;36;-11,4;1;0;1;0;NA;NA;NA;0;0;0;1;1;17,2;38,3;-21,1;0;0;0;0;23,5;38,8;-12,8;0;0;1;0;21,4;37,4;-16;1;1;1;0;1;21,7;37;-16,1;0;1;0;0;24,9;46,5;-21,6;1;0;0;0;18,5;43,4;-25
ID12;-69,0812;-22,23943;1;0;1;1;23,8;34,1;-10,3;0;0;1;0;NA;NA;NA;1;1;0;0;0;16,6;33,4;-16,8;0;0;0;0;21,8;39,8;-15;0;0;0;0;20,7;36,2;-15,6;0;0;0;0;0;20,8;30,6;-12;0;0;0;0;22,5;44,7;-22,1;1;0;0;0;18,4;37,9;-19,5
ID13;-69,08309;-22,23961;0;0;0;0;NA;NA;NA;0;0;1;0;NA;NA;NA;0;0;1;1;0;NA;NA;NA;0;0;0;0;NA;NA;NA;0;0;0;0;NA;NA;NA;0;0;0;0;0;NA;NA;NA;0;0;0;1;NA;NA;NA;0;1;0;1;NA;NA;NA
ID14;-69,08389;-22,24103;1;0;0;1;18,1;29,5;-11,4;1;0;1;1;NA;NA;NA;1;1;1;1;1;16,3;29,7;-13,4;0;0;1;0;23,3;41;-14,8;1;0;1;1;20,9;40;-19,2;1;1;1;1;1;22,1;36,7;-18;0;0;1;1;22,2;43,1;-20,9;0;0;1;0;14,4;29;-14,6
ID15;-69,08686;-22,24114;1;0;0;0;16,3;35,8;-19,5;0;0;0;0;NA;NA;NA;0;0;0;0;0;18,4;41,7;-23,4;1;1;1;1;22,6;46,3;-19,7;1;1;0;1;19,5;34,6;-15,1;0;0;1;0;0;18,9;29,4;-11;1;0;1;0;22;45,5;-23,6;1;1;1;1;17,6;34,9;-17,3
ID16;-69,08884;-22,2429;0;0;0;0;NA;NA;NA;0;0;0;0;NA;NA;NA;0;0;0;0;0;14,9;33,7;-18,8;1;0;0;0;20,8;45,7;-20,8;0;0;0;1;21,2;32,4;-11,2;0;0;0;0;0;24,3;33,5;-12,3;0;0;0;0;18,2;23,5;-5,3;0;0;0;0;17,2;30,4;-13,2
ID17;-69,08942;-22,24307;0;1;0;0;NA;NA;NA;1;1;1;0;NA;NA;NA;0;1;0;0;1;15,4;31,6;-16,1;1;1;1;0;20,4;36,1;-13,2;0;1;1;1;19;32,2;-13,2;1;0;0;0;1;24,1;33,3;-12;0;0;0;1;19;23,8;-4,8;0;1;0;1;16,7;29,3;-12,6
ID18;-69,09061;-22,24401;1;1;1;1;21,6;42,6;-21;1;0;0;1;NA;NA;NA;0;0;0;0;1;16,7;39,3;-22,6;0;1;1;0;27,4;44,7;-14,4;0;1;0;1;22,3;38,4;-16,1;0;0;0;0;0;27,7;39,6;-16;0;1;0;0;19;31,1;-12,1;0;1;1;0;23,7;41,6;-18
ID19;-69,09581;-22,24855;0;0;1;1;NA;NA;NA;1;0;1;0;NA;NA;NA;1;1;1;0;0;NA;NA;NA;0;1;0;0;NA;NA;NA;0;1;0;0;NA;NA;NA;0;0;1;0;1;NA;NA;NA;0;0;0;1;NA;NA;NA;0;0;1;0;NA;NA;NA
ID21;-69,09627;-22,2482;0;0;0;1;NA;NA;NA;0;1;0;1;NA;NA;NA;0;0;1;0;1;18,4;37;-18,6;0;1;0;0;21,3;28,6;-6,1;0;0;0;0;22,6;34,2;-11,6;0;0;0;0;0;23,1;29,5;-8,5;0;0;1;0;19,5;29,2;-9,7;0;1;0;0;19,2;29,3;-10,1
ID22;-69,09688;-22,249;0;1;1;1;NA;NA;NA;1;1;0;1;NA;NA;NA;1;1;1;1;1;22;41,7;-19,7;1;1;1;0;23,5;38,1;-12,2;1;1;1;1;24,8;40,7;-16;0;1;1;0;1;27,4;38,5;-14,8;0;1;1;0;22,7;42,3;-19,6;0;1;0;1;20,8;44,6;-23,8
ID23;-69,09697;-22,24914;0;0;1;1;NA;NA;NA;1;1;1;1;NA;NA;NA;1;1;1;0;0;19,3;42,2;-22,9;1;1;1;1;23,7;37,8;-11,8;0;0;1;1;23,3;36,4;-13,1;0;1;0;1;1;23,1;31,6;-9,8;0;1;1;0;22,3;36;-13,7;0;1;1;1;19,7;35,5;-15,8
ID25;-69,10631;-22,25353;0;1;0;0;NA;NA;NA;0;1;0;1;NA;NA;NA;0;0;1;0;0;20,3;43,4;-23;0;0;0;0;20,8;35,7;-12,5;1;0;1;0;24,4;40,2;-15,9;0;0;0;1;0;27,1;38,9;-14,6;0;0;0;0;23,8;39,9;-16,1;0;0;0;0;18,4;34;-15,7
ID26;-69,10763;-22,25382;0;0;1;0;NA;NA;NA;1;1;0;0;NA;NA;NA;0;0;1;0;0;21,7;34,7;-13;0;0;0;0;24,1;41,6;-14,6;0;1;0;1;24,9;43,2;-18,2;1;0;0;1;0;29,7;49,1;-23,8;0;1;0;0;25,3;46,6;-21,3;0;0;0;0;22,9;41,2;-18,3
ID27;-69,11233;-22,25324;1;0;0;0;NA;NA;NA;0;1;0;0;NA;NA;NA;0;1;1;0;0;19,7;41,6;-21,9;0;0;0;0;19,4;31,4;-10;0;0;0;0;25,2;38,8;-13,6;1;0;0;0;0;27,2;36;-11,5;0;1;1;0;23,4;38,5;-15,1;1;0;0;0;22,5;37,9;-15,4
ID28;-69,11847;-22,25611;0;0;0;0;17,8;17,4;0,4;0;0;0;1;NA;NA;NA;0;1;0;1;1;16,7;37,4;-20,8;0;0;0;0;23,1;40,7;-14,6;0;0;0;0;22,3;37,3;-15;0;0;0;0;0;30;42,3;-17,7;0;0;0;0;21,6;36,9;-15,3;0;0;0;0;20,3;36,5;-16,2
ID29;-69,1189;-22,25629;0;0;0;0;16,8;16,3;0,5;0;0;1;0;NA;NA;NA;0;0;0;0;0;16;34,7;-18,7;0;0;0;0;22,1;39,9;-14,8;0;0;0;0;22,1;34,4;-12,3;0;0;0;0;0;25,4;36,5;-13,2;0;1;0;0;19,4;38,5;-19,1;0;0;0;0;18;34,4;-16,3
ID30;-69,07068;-22,23638;1;0;0;0;19,1;19,7;-0,6;1;0;0;0;NA;NA;NA;0;0;0;0;0;17,8;30,2;-12,3;0;1;1;1;18,6;25,2;-5,5;1;1;0;0;20,3;27;-6,8;0;0;0;0;0;21,1;29;-8,7;0;0;1;0;20,5;26,9;-6,4;0;0;1;0;18,4;18,8;-0,4